Cluster,Age,Annual Income (k$),Spending Score (1-100),Gender
0,56.470588235294116,46.09803921568628,39.31372549019608,0.5098039215686274
1,39.5,85.15,14.05,1.0
2,28.69047619047619,60.904761904761905,70.23809523809524,1.0
3,37.89795918367347,82.12244897959184,54.44897959183673,0.0
4,27.31578947368421,38.8421052631579,56.21052631578947,0.0
